trx_id,tier,date,product,quantity,unit_price,total_price
20250104-00000001,family_shoppers,2025-01-04,buttered_popcorn_100g,3,12500,37500
20250104-00000001,family_shoppers,2025-01-04,oranges,3,2900,8700
20250104-00000001,family_shoppers,2025-01-04,ground_beef_500g,2,52800,105600
20250104-00000001,family_shoppers,2025-01-04,potato_chips_150g,2,16300,32600
20250104-00000001,family_shoppers,2025-01-04,cheddar_cheese_200g,2,33900,67800
20250104-00000001,family_shoppers,2025-01-04,frozen_noodles,4,35800,143200
20250104-00000001,family_shoppers,2025-01-04,spinach,3,4000,12000
20250104-00000001,family_shoppers,2025-01-04,white_rice_5kg,10,66800,668000
20250104-00000001,family_shoppers,2025-01-04,kale,5,4700,23500
20250104-00000001,family_shoppers,2025-01-04,danish,2,13000,26000
20250104-00000001,family_shoppers,2025-01-04,coconut_oil_500mL,5,31000,155000
20250104-00000001,family_shoppers,2025-01-04,frozen_noodles,3,36700,110100
20250107-00000001,random,2025-01-07,carrots,4,2400,9600
20250107-00000001,random,2025-01-07,dried_apricots_100g,1,26300,26300
20250107-00000001,random,2025-01-07,mixed_nuts_200g,2,52700,105400
20250107-00000001,random,2025-01-07,moisturizer,1,29000,29000
20250112-00000001,family_shoppers,2025-01-12,cheddar_cheese_200g,3,39600,118800
20250112-00000001,family_shoppers,2025-01-12,kale,6,5500,33000
20250112-00000001,family_shoppers,2025-01-12,corn_1kg,2,31300,62600
20250112-00000001,family_shoppers,2025-01-12,dried_apricots_100g,1,25300,25300
20250112-00000001,family_shoppers,2025-01-12,carrots,3,2100,6300
20250112-00000001,family_shoppers,2025-01-12,unsalted_butter_200g,4,24600,98400
20250112-00000001,family_shoppers,2025-01-12,white_rice_5kg,4,69100,276400
20250112-00000001,family_shoppers,2025-01-12,lamb_leg_1kg,3,199800,599400
20250112-00000001,family_shoppers,2025-01-12,whole_chicken_1kg,3,55900,167700
20250112-00000001,family_shoppers,2025-01-12,regular_eggs_10pcs,2,20600,41200
20250112-00000001,family_shoppers,2025-01-12,ground_beef_500g,2,53400,106800
20250112-00000001,family_shoppers,2025-01-12,orange_juice_750mL,2,37700,75400
20250112-00000001,family_shoppers,2025-01-12,spinach,8,4300,34400
20250127-00000001,family_shoppers,2025-01-27,frozen_pizza,2,44100,88200
20250127-00000001,family_shoppers,2025-01-27,whole_chicken_1kg,5,56200,281000
20250127-00000001,family_shoppers,2025-01-27,cheddar_cheese_200g,2,35500,71000
20250127-00000001,family_shoppers,2025-01-27,carrots,10,2500,25000
20250127-00000001,family_shoppers,2025-01-27,carrots,2,2400,4800
20250127-00000001,family_shoppers,2025-01-27,mineral_water_C_600mL,4,6700,26800
20250127-00000001,family_shoppers,2025-01-27,paprika,2,8300,16600
20250127-00000001,family_shoppers,2025-01-27,conditioner,1,28100,28100
20250127-00000001,family_shoppers,2025-01-27,salmon_fillet_500g,1,105600,105600
20250127-00000001,family_shoppers,2025-01-27,oatmeal_raisin_cookies,3,9700,29100
20250127-00000001,family_shoppers,2025-01-27,organic_eggs_10pcs,1,30000,30000
20250127-00000001,family_shoppers,2025-01-27,corn_1kg,2,28500,57000
20250127-00000001,family_shoppers,2025-01-27,chocolate_chip_cookies,2,7600,15200
20250130-00000001,small_business_owners,2025-01-30,lamb_chop_300g,12,77000,924000
20250130-00000001,small_business_owners,2025-01-30,ground_beef_500g,12,55700,668400
20250130-00000001,small_business_owners,2025-01-30,teriyaki_marinade_250mL,8,23400,187200
20250130-00000001,small_business_owners,2025-01-30,cheddar_cheese_200g,6,34600,207600
20250130-00000001,small_business_owners,2025-01-30,frozen_noodles,5,35600,178000
20250130-00000001,small_business_owners,2025-01-30,white_rice_5kg,12,76300,915600
20250130-00000001,small_business_owners,2025-01-30,toilet_paper,2,15600,31200
20250130-00000001,small_business_owners,2025-01-30,cinnamon,8,8200,65600
20250130-00000001,small_business_owners,2025-01-30,frozen_pizza,4,48800,195200
20250130-00000001,small_business_owners,2025-01-30,frozen_noodles,5,39500,197500
20250130-00000001,small_business_owners,2025-01-30,facial_cleanser,1,19700,19700
20250130-00000001,small_business_owners,2025-01-30,chicken_breast_500g,9,43100,387900
20250130-00000001,small_business_owners,2025-01-30,potatoes,5,2300,11500
20250130-00000001,small_business_owners,2025-01-30,peas_1kg,7,28000,196000
20250130-00000001,small_business_owners,2025-01-30,mineral_water_A_600mL,1,2900,2900
20250201-00000001,young_professionals,2025-02-01,tuna_steak_500g,2,66600,133200
20250201-00000001,young_professionals,2025-02-01,mangoes,2,4100,8200
20250201-00000001,young_professionals,2025-02-01,lamb_leg_1kg,1,174300,174300
20250201-00000001,young_professionals,2025-02-01,toilet_paper,2,13500,27000
20250201-00000001,young_professionals,2025-02-01,sunscreen,2,31300,62600
20250208-00000001,family_shoppers,2025-02-08,toothbrush,1,10000,10000
20250208-00000001,family_shoppers,2025-02-08,honeydew,5,44600,223000
20250208-00000001,family_shoppers,2025-02-08,black_tea_100g,2,12300,24600
20250208-00000001,family_shoppers,2025-02-08,mayonnaise,2,15600,31200
20250208-00000001,family_shoppers,2025-02-08,greek_yogurt_150g,3,18300,54900
20250208-00000001,family_shoppers,2025-02-08,mineral_water_A_600mL,1,3000,3000
20250208-00000001,family_shoppers,2025-02-08,laundry_detergent,1,35700,35700
20250208-00000001,family_shoppers,2025-02-08,conditioner,1,17500,17500
20250208-00000001,family_shoppers,2025-02-08,whole_chicken_1kg,6,60300,361800
20250208-00000001,family_shoppers,2025-02-08,frozen_noodles,4,39600,158400
20250218-00000001,young_professionals,2025-02-18,chicken_breast_500g,2,38400,76800
20250218-00000001,young_professionals,2025-02-18,instant_coffee_200g,1,18600,18600
20250218-00000001,young_professionals,2025-02-18,caramel_popcorn_100g,3,17900,53700
20250218-00000001,young_professionals,2025-02-18,tuna_fillet_500g,1,70700,70700
20250223-00000001,family_shoppers,2025-02-23,mixed_nuts_200g,1,51100,51100
20250223-00000001,family_shoppers,2025-02-23,chicken_breast_500g,4,41000,164000
20250223-00000001,family_shoppers,2025-02-23,beef_steak_300g,3,61600,184800
20250223-00000001,family_shoppers,2025-02-23,corn_1kg,2,30100,60200
20250223-00000001,family_shoppers,2025-02-23,whole_chicken_1kg,4,48700,194800
20250223-00000001,family_shoppers,2025-02-23,greek_yogurt_150g,5,20700,103500
20250223-00000001,family_shoppers,2025-02-23,honey_granola_bars_100g,1,23900,23900
20250223-00000001,family_shoppers,2025-02-23,muffin,4,9200,36800
20250223-00000002,family_shoppers,2025-02-23,toothbrush,1,9300,9300
20250223-00000002,family_shoppers,2025-02-23,multigrain_bread,3,24700,74100
20250223-00000002,family_shoppers,2025-02-23,banana_nut_muffin,1,7800,7800
20250223-00000002,family_shoppers,2025-02-23,kale,2,5100,10200
20250223-00000002,family_shoppers,2025-02-23,chicken_thigh_500g,5,41000,205000
20250223-00000002,family_shoppers,2025-02-23,cheddar_cheese_200g,6,37300,223800
20250223-00000002,family_shoppers,2025-02-23,plums,6,3100,18600
20250223-00000002,family_shoppers,2025-02-23,whole_chicken_1kg,5,57300,286500
20250223-00000002,family_shoppers,2025-02-23,frozen_pizza,4,44900,179600
20250223-00000002,family_shoppers,2025-02-23,beets,2,3600,7200
20250223-00000002,family_shoppers,2025-02-23,facial_cleanser,1,18700,18700
20250223-00000002,family_shoppers,2025-02-23,limes,2,1800,3600
20250223-00000002,family_shoppers,2025-02-23,toilet_paper,3,13600,40800
20250223-00000002,family_shoppers,2025-02-23,cheddar_cheese_200g,1,39800,39800
20250301-00000001,family_shoppers,2025-03-01,salmon_fillet_500g,1,100100,100100
20250301-00000001,family_shoppers,2025-03-01,chocolate_muffin,5,5700,28500
20250301-00000001,family_shoppers,2025-03-01,blueberry_muffin,3,7700,23100
20250301-00000001,family_shoppers,2025-03-01,mustard,4,10200,40800
20250301-00000001,family_shoppers,2025-03-01,apple_juice_750mL,2,34900,69800
20250301-00000001,family_shoppers,2025-03-01,corn_1kg,5,27500,137500
20250301-00000001,family_shoppers,2025-03-01,frozen_pizza,4,40200,160800
20250301-00000001,family_shoppers,2025-03-01,carrots,4,2600,10400
20250301-00000001,family_shoppers,2025-03-01,frozen_pizza,6,48800,292800
20250301-00000001,family_shoppers,2025-03-01,black_tea_100g,1,12200,12200
20250301-00000001,family_shoppers,2025-03-01,white_bread,1,13900,13900
20250301-00000001,family_shoppers,2025-03-01,premium_white_rice_5kg,6,85600,513600
20250301-00000001,family_shoppers,2025-03-01,all_purpose_cleaner,3,23400,70200
20250301-00000001,family_shoppers,2025-03-01,blueberries,4,14500,58000
20250302-00000001,family_shoppers,2025-03-02,paprika,2,9500,19000
20250302-00000001,family_shoppers,2025-03-02,greek_yogurt_150g,4,21900,87600
20250302-00000001,family_shoppers,2025-03-02,spinach,2,3900,7800
20250302-00000001,family_shoppers,2025-03-02,frozen_pizza,4,49300,197200
20250302-00000001,family_shoppers,2025-03-02,vegetable_oil_1L,1,18100,18100
20250302-00000001,family_shoppers,2025-03-02,salted_butter_200g,4,20400,81600
20250302-00000001,family_shoppers,2025-03-02,mixed_vegetables_1kg,1,31000,31000
20250302-00000001,family_shoppers,2025-03-02,shampoo,2,19200,38400
20250302-00000001,family_shoppers,2025-03-02,brown_rice_1kg,6,28800,172800
20250302-00000001,family_shoppers,2025-03-02,chicken_thigh_500g,5,35400,177000
20250302-00000001,family_shoppers,2025-03-02,italian_dressing_250mL,1,14900,14900
20250302-00000001,family_shoppers,2025-03-02,muffin,2,9400,18800
20250302-00000001,family_shoppers,2025-03-02,facial_cleanser,1,17400,17400
20250304-00000001,young_professionals,2025-03-04,whole_chicken_1kg,2,55700,111400
20250304-00000001,young_professionals,2025-03-04,buttered_popcorn_100g,1,14100,14100
20250304-00000001,young_professionals,2025-03-04,mustard,1,10700,10700
20250304-00000001,young_professionals,2025-03-04,lamb_chop_300g,3,78200,234600
20250304-00000001,young_professionals,2025-03-04,orange_soda_500mL,1,20800,20800
20250305-00000001,young_professionals,2025-03-05,spinach,1,4000,4000
20250305-00000001,young_professionals,2025-03-05,chicken_wings_500g,1,32900,32900
20250305-00000001,young_professionals,2025-03-05,vinaigrette_250mL,1,16700,16700
20250305-00000001,young_professionals,2025-03-05,lamb_chop_300g,4,80600,322400
20250305-00000001,young_professionals,2025-03-05,limes,1,1800,1800
20250305-00000001,young_professionals,2025-03-05,lemon_lime_500mL,3,19900,59700
20250305-00000001,young_professionals,2025-03-05,chocolate_chip_cookies,1,7400,7400
20250308-00000001,random,2025-03-08,dish_soap,1,19800,19800
20250308-00000001,random,2025-03-08,tuna_steak_500g,2,65200,130400
20250308-00000001,random,2025-03-08,potatoes,2,2000,4000
20250315-00000001,random,2025-03-15,sunscreen,1,31200,31200
20250315-00000001,random,2025-03-15,toothpaste,1,15100,15100
20250315-00000001,random,2025-03-15,white_rice_5kg,1,75200,75200
20250322-00000001,family_shoppers,2025-03-22,mozzarella_cheese_200g,2,42500,85000
20250322-00000001,family_shoppers,2025-03-22,mixed_vegetables_1kg,4,34800,139200
20250322-00000001,family_shoppers,2025-03-22,spinach,4,3700,14800
20250322-00000001,family_shoppers,2025-03-22,blueberries,2,16200,32400
20250322-00000001,family_shoppers,2025-03-22,frozen_pizza,1,52300,52300
20250322-00000001,family_shoppers,2025-03-22,oranges,1,3100,3100
20250322-00000001,family_shoppers,2025-03-22,carrots,4,2400,9600
20250322-00000001,family_shoppers,2025-03-22,frozen_pizza,3,42600,127800
20250322-00000001,family_shoppers,2025-03-22,muffin,4,11200,44800
20250322-00000001,family_shoppers,2025-03-22,brown_rice_1kg,2,22700,45400
20250322-00000001,family_shoppers,2025-03-22,chicken_thigh_500g,4,38100,152400
20250322-00000001,family_shoppers,2025-03-22,lamb_leg_1kg,2,150900,301800
20250322-00000001,family_shoppers,2025-03-22,paprika,2,7500,15000
20250322-00000001,family_shoppers,2025-03-22,whole_chicken_1kg,2,52800,105600
20250322-00000001,family_shoppers,2025-03-22,teriyaki_marinade_250mL,3,25000,75000
20250323-00000001,family_shoppers,2025-03-23,white_rice_5kg,9,69800,628200
20250323-00000001,family_shoppers,2025-03-23,potatoes,2,2100,4200
20250323-00000001,family_shoppers,2025-03-23,beef_steak_300g,3,56400,169200
20250323-00000001,family_shoppers,2025-03-23,mineral_water_C_600mL,4,6000,24000
20250323-00000001,family_shoppers,2025-03-23,peas_1kg,5,28800,144000
20250323-00000001,family_shoppers,2025-03-23,whole_chicken_1kg,4,62300,249200
20250323-00000001,family_shoppers,2025-03-23,red_velvet_cake,2,52200,104400
20250323-00000001,family_shoppers,2025-03-23,dried_mangoes_100g,1,29500,29500
20250323-00000001,family_shoppers,2025-03-23,dori_fillet_500g,2,41700,83400
20250323-00000001,family_shoppers,2025-03-23,whole_milk_1L,1,21900,21900
20250323-00000001,family_shoppers,2025-03-23,greek_yogurt_150g,3,20100,60300
20250323-00000001,family_shoppers,2025-03-23,oatmeal_raisin_cookies,2,8900,17800
20250330-00000001,random,2025-03-30,frozen_pizza,5,48800,244000
20250404-00000001,young_professionals,2025-04-04,dried_mangoes_100g,4,29800,119200
20250404-00000001,young_professionals,2025-04-04,white_rice_5kg,1,71100,71100
20250404-00000001,young_professionals,2025-04-04,whole_chicken_1kg,3,52100,156300
20250413-00000001,family_shoppers,2025-04-13,salmon_fillet_500g,1,86900,86900
20250413-00000001,family_shoppers,2025-04-13,brown_rice_1kg,5,23000,115000
20250413-00000001,family_shoppers,2025-04-13,almond_milk_1L,2,30000,60000
20250413-00000001,family_shoppers,2025-04-13,kale,1,5700,5700
20250413-00000001,family_shoppers,2025-04-13,lamb_leg_1kg,3,180700,542100
20250413-00000001,family_shoppers,2025-04-13,ground_beef_500g,1,62000,62000
20250413-00000001,family_shoppers,2025-04-13,chicken_wings_500g,2,28300,56600
20250413-00000001,family_shoppers,2025-04-13,bananas,3,3900,11700
20250417-00000001,family_shoppers,2025-04-17,lamb_leg_1kg,3,173200,519600
20250417-00000001,family_shoppers,2025-04-17,mixed_vegetables_1kg,3,31900,95700
20250417-00000001,family_shoppers,2025-04-17,toothpaste,1,15700,15700
20250417-00000001,family_shoppers,2025-04-17,mozzarella_cheese_200g,5,43700,218500
20250417-00000001,family_shoppers,2025-04-17,peaches,1,4000,4000
20250417-00000001,family_shoppers,2025-04-17,conditioner,1,21400,21400
20250417-00000001,family_shoppers,2025-04-17,potatoes,3,2300,6900
20250417-00000001,family_shoppers,2025-04-17,premium_white_rice_5kg,4,101000,404000
20250417-00000001,family_shoppers,2025-04-17,mineral_water_C_600mL,2,6400,12800
20250417-00000001,family_shoppers,2025-04-17,sugar_cookies,2,4900,9800
20250417-00000001,family_shoppers,2025-04-17,greek_yogurt_150g,2,19500,39000
20250417-00000001,family_shoppers,2025-04-17,toilet_paper,3,15800,47400
20250417-00000001,family_shoppers,2025-04-17,whole_wheat_bread,1,21400,21400
20250418-00000001,family_shoppers,2025-04-18,cherries,5,6300,31500
20250418-00000001,family_shoppers,2025-04-18,premium_white_rice_5kg,3,88600,265800
20250418-00000001,family_shoppers,2025-04-18,all_purpose_cleaner,2,19600,39200
20250418-00000001,family_shoppers,2025-04-18,whole_wheat_bread,5,23100,115500
20250418-00000001,family_shoppers,2025-04-18,muffin,2,9200,18400
20250418-00000001,family_shoppers,2025-04-18,fruit_granola_bars_100g,1,26400,26400
20250418-00000001,family_shoppers,2025-04-18,mixed_vegetables_1kg,3,32300,96900
20250418-00000001,family_shoppers,2025-04-18,tortilla_chips_150g,1,16500,16500
20250418-00000001,family_shoppers,2025-04-18,facial_cleanser,1,18400,18400
20250428-00000001,family_shoppers,2025-04-28,mineral_water_A_600mL,5,3100,15500
20250428-00000001,family_shoppers,2025-04-28,margarine_200g,5,8400,42000
20250428-00000001,family_shoppers,2025-04-28,vinaigrette_250mL,6,15800,94800
20250428-00000001,family_shoppers,2025-04-28,jasmine_tea_100g,1,15200,15200
20250428-00000001,family_shoppers,2025-04-28,chicken_breast_500g,4,35900,143600
20250428-00000001,family_shoppers,2025-04-28,ground_beef_500g,2,57600,115200
20250428-00000001,family_shoppers,2025-04-28,peas_1kg,3,27300,81900
20250428-00000001,family_shoppers,2025-04-28,paper_towels,6,13600,81600
20250428-00000001,family_shoppers,2025-04-28,premium_white_rice_5kg,3,109600,328800
20250428-00000001,family_shoppers,2025-04-28,cinnamon,3,9400,28200
20250428-00000001,family_shoppers,2025-04-28,toothpaste,1,16000,16000
20250428-00000001,family_shoppers,2025-04-28,whole_chicken_1kg,5,60100,300500
20250430-00000001,family_shoppers,2025-04-30,oranges,2,2900,5800
20250430-00000001,family_shoppers,2025-04-30,laundry_detergent,2,38800,77600
20250430-00000001,family_shoppers,2025-04-30,mayonnaise,1,14700,14700
20250430-00000001,family_shoppers,2025-04-30,mixed_vegetables_1kg,2,34400,68800
20250430-00000001,family_shoppers,2025-04-30,toothbrush,4,9200,36800
20250430-00000001,family_shoppers,2025-04-30,lemons,5,4200,21000
20250430-00000001,family_shoppers,2025-04-30,red_velvet_cake,3,58400,175200
20250430-00000001,family_shoppers,2025-04-30,tortilla_chips_150g,2,19000,38000
20250430-00000001,family_shoppers,2025-04-30,lettuce,5,3000,15000
20250430-00000001,family_shoppers,2025-04-30,dried_apricots_100g,1,24000,24000
20250430-00000001,family_shoppers,2025-04-30,unsalted_butter_200g,3,19500,58500
20250430-00000001,family_shoppers,2025-04-30,tortilla_chips_150g,1,17700,17700
20250430-00000001,family_shoppers,2025-04-30,greek_yogurt_150g,2,20000,40000
20250510-00000001,health_conscious,2025-05-10,chicken_thigh_500g,1,39400,39400
20250510-00000001,health_conscious,2025-05-10,tuna_steak_500g,1,58300,58300
20250510-00000001,health_conscious,2025-05-10,moisturizer,1,30100,30100
20250510-00000001,health_conscious,2025-05-10,mangoes,2,4300,8600
20250510-00000002,family_shoppers,2025-05-10,margarine_200g,5,8500,42500
20250510-00000002,family_shoppers,2025-05-10,potato_chips_150g,1,17900,17900
20250510-00000002,family_shoppers,2025-05-10,shrimp_frozen_500g,3,71200,213600
20250510-00000002,family_shoppers,2025-05-10,vanilla_cake,1,40700,40700
20250510-00000002,family_shoppers,2025-05-10,jasmine_tea_100g,1,18200,18200
20250510-00000002,family_shoppers,2025-05-10,chicken_wings_500g,4,28300,113200
20250510-00000002,family_shoppers,2025-05-10,lamb_leg_1kg,6,162000,972000
20250510-00000002,family_shoppers,2025-05-10,laundry_detergent,3,38400,115200
20250510-00000002,family_shoppers,2025-05-10,mozzarella_cheese_200g,6,37400,224400
20250510-00000002,family_shoppers,2025-05-10,white_rice_5kg,4,69800,279200
20250510-00000002,family_shoppers,2025-05-10,spinach,3,3800,11400
20250510-00000002,family_shoppers,2025-05-10,kale,1,5000,5000
20250510-00000002,family_shoppers,2025-05-10,sugar_cookies,2,5600,11200
20250510-00000002,family_shoppers,2025-05-10,carrots,3,2300,6900
20250510-00000002,family_shoppers,2025-05-10,instant_coffee_200g,5,17200,86000
20250511-00000001,family_shoppers,2025-05-11,chocolate_granola_bars_100g,1,27100,27100
20250511-00000001,family_shoppers,2025-05-11,cashews_200g,3,55400,166200
20250511-00000001,family_shoppers,2025-05-11,whole_chicken_1kg,6,52400,314400
20250511-00000001,family_shoppers,2025-05-11,potatoes,3,2600,7800
20250511-00000001,family_shoppers,2025-05-11,peas_1kg,4,28900,115600
20250511-00000001,family_shoppers,2025-05-11,chicken_thigh_500g,3,35700,107100
20250511-00000001,family_shoppers,2025-05-11,lamb_chop_300g,4,77600,310400
20250511-00000001,family_shoppers,2025-05-11,vegetable_oil_1L,1,26400,26400
20250511-00000001,family_shoppers,2025-05-11,cola_500mL,2,22200,44400
20250511-00000001,family_shoppers,2025-05-11,caramel_popcorn_100g,3,17800,53400
20250514-00000001,small_business_owners,2025-05-14,blueberries,5,16400,82000
20250514-00000001,small_business_owners,2025-05-14,shrimp_fresh_500g,8,94500,756000
20250514-00000001,small_business_owners,2025-05-14,ground_beef_500g,8,54200,433600
20250514-00000001,small_business_owners,2025-05-14,jasmine_tea_100g,6,16400,98400
20250514-00000001,small_business_owners,2025-05-14,apple_juice_750mL,3,31400,94200
20250514-00000001,small_business_owners,2025-05-14,brown_rice_1kg,8,25900,207200
20250514-00000001,small_business_owners,2025-05-14,lamb_leg_1kg,9,160200,1441800
20250514-00000001,small_business_owners,2025-05-14,chicken_breast_500g,11,40800,448800
20250514-00000001,small_business_owners,2025-05-14,cheddar_cheese_200g,7,37700,263900
20250514-00000001,small_business_owners,2025-05-14,multigrain_bread,8,23500,188000
20250514-00000001,small_business_owners,2025-05-14,vegetable_oil_5L,12,72000,864000
20250514-00000001,small_business_owners,2025-05-14,almond_milk_1L,5,29500,147500
20250514-00000001,small_business_owners,2025-05-14,cinnamon,7,9800,68600
20250514-00000001,small_business_owners,2025-05-14,whole_chicken_1kg,13,57700,750100
20250514-00000001,small_business_owners,2025-05-14,barbecue_marinade_250mL,11,23500,258500
20250514-00000001,small_business_owners,2025-05-14,corn_1kg,7,30500,213500
20250516-00000001,small_business_owners,2025-05-16,lamb_leg_1kg,5,179700,898500
20250516-00000001,small_business_owners,2025-05-16,skim_milk_1L,6,23900,143400
20250516-00000001,small_business_owners,2025-05-16,white_rice_5kg,11,72300,795300
20250516-00000001,small_business_owners,2025-05-16,potatoes,4,2100,8400
20250516-00000001,small_business_owners,2025-05-16,shrimp_fresh_500g,10,86300,863000
20250516-00000001,small_business_owners,2025-05-16,beets,6,3400,20400
20250516-00000001,small_business_owners,2025-05-16,ground_beef_500g,9,52800,475200
20250516-00000001,small_business_owners,2025-05-16,flavored_yogurt_150g,7,16700,116900
20250516-00000001,small_business_owners,2025-05-16,salmon_fillet_500g,10,98000,980000
20250516-00000001,small_business_owners,2025-05-16,orange_juice_750mL,4,38100,152400
20250516-00000001,small_business_owners,2025-05-16,laundry_detergent,1,33200,33200
20250516-00000001,small_business_owners,2025-05-16,ranch_dressing_250mL,11,17300,190300
20250520-00000001,family_shoppers,2025-05-20,white_rice_5kg,4,74000,296000
20250520-00000001,family_shoppers,2025-05-20,cheddar_cheese_200g,3,33700,101100
20250520-00000001,family_shoppers,2025-05-20,margarine_200g,4,8300,33200
20250520-00000001,family_shoppers,2025-05-20,frozen_noodles,6,37900,227400
20250520-00000001,family_shoppers,2025-05-20,dried_cranberries_100g,1,28000,28000
20250520-00000001,family_shoppers,2025-05-20,shampoo,1,19600,19600
20250520-00000001,family_shoppers,2025-05-20,teriyaki_marinade_250mL,2,26300,52600
20250520-00000001,family_shoppers,2025-05-20,beef_roast_1kg,1,164900,164900
20250520-00000001,family_shoppers,2025-05-20,chocolate_chip_cookies,1,7400,7400
20250520-00000001,family_shoppers,2025-05-20,lamb_chop_300g,1,75000,75000
20250520-00000001,family_shoppers,2025-05-20,toilet_paper,4,14200,56800
20250520-00000001,family_shoppers,2025-05-20,danish,3,13200,39600
20250520-00000001,family_shoppers,2025-05-20,flavored_yogurt_150g,5,14400,72000
20250524-00000001,family_shoppers,2025-05-24,mixed_vegetables_1kg,5,33200,166000
20250524-00000001,family_shoppers,2025-05-24,beef_steak_300g,3,65000,195000
20250524-00000001,family_shoppers,2025-05-24,lettuce,4,2700,10800
20250524-00000001,family_shoppers,2025-05-24,lamb_chop_300g,3,70300,210900
20250524-00000001,family_shoppers,2025-05-24,salmon_fillet_500g,1,88500,88500
20250524-00000001,family_shoppers,2025-05-24,whole_chicken_1kg,2,57200,114400
20250524-00000001,family_shoppers,2025-05-24,all_purpose_cleaner,1,20000,20000
20250524-00000001,family_shoppers,2025-05-24,blueberries,4,13900,55600
20250524-00000001,family_shoppers,2025-05-24,salted_butter_200g,5,17100,85500
20250524-00000001,family_shoppers,2025-05-24,brown_rice_1kg,4,24400,97600
20250524-00000001,family_shoppers,2025-05-24,mustard,2,10300,20600
20250524-00000001,family_shoppers,2025-05-24,organic_eggs_10pcs,3,28800,86400
20250524-00000001,family_shoppers,2025-05-24,peaches,2,3700,7400
20250524-00000001,family_shoppers,2025-05-24,potatoes,2,2200,4400
20250524-00000001,family_shoppers,2025-05-24,kale,8,5200,41600
20250605-00000001,random,2025-06-05,frozen_pizza,3,48900,146700
20250703-00000001,family_shoppers,2025-07-03,chicken_breast_500g,2,38100,76200
20250703-00000001,family_shoppers,2025-07-03,paper_towels,3,13700,41100
20250703-00000001,family_shoppers,2025-07-03,buttered_popcorn_100g,1,13500,13500
20250703-00000001,family_shoppers,2025-07-03,brown_rice_1kg,5,25800,129000
20250703-00000001,family_shoppers,2025-07-03,whole_chicken_1kg,5,59400,297000
20250703-00000001,family_shoppers,2025-07-03,sunscreen,2,33300,66600
20250703-00000001,family_shoppers,2025-07-03,dish_soap,4,15600,62400
20250703-00000001,family_shoppers,2025-07-03,vegetable_oil_5L,1,91300,91300
20250703-00000001,family_shoppers,2025-07-03,dori_fillet_500g,2,41700,83400
20250703-00000001,family_shoppers,2025-07-03,beets,1,3000,3000
20250703-00000001,family_shoppers,2025-07-03,flavored_yogurt_150g,2,14700,29400
20250703-00000001,family_shoppers,2025-07-03,muffin,2,9700,19400
20250703-00000001,family_shoppers,2025-07-03,ground_coffee_250g,2,23400,46800
20250703-00000001,family_shoppers,2025-07-03,lamb_chop_300g,3,81300,243900
20250703-00000001,family_shoppers,2025-07-03,watermelon,4,61800,247200
20250705-00000001,family_shoppers,2025-07-05,premium_white_rice_5kg,5,102200,511000
20250705-00000001,family_shoppers,2025-07-05,orange_juice_750mL,2,38200,76400
20250705-00000001,family_shoppers,2025-07-05,dried_cranberries_100g,1,26100,26100
20250705-00000001,family_shoppers,2025-07-05,flavored_yogurt_150g,3,14100,42300
20250705-00000001,family_shoppers,2025-07-05,margarine_200g,3,6400,19200
20250705-00000001,family_shoppers,2025-07-05,cashews_200g,4,57500,230000
20250705-00000001,family_shoppers,2025-07-05,carrots,3,2400,7200
20250705-00000001,family_shoppers,2025-07-05,beets,4,2700,10800
20250705-00000001,family_shoppers,2025-07-05,whole_chicken_1kg,2,57400,114800
20250705-00000001,family_shoppers,2025-07-05,chocolate_granola_bars_100g,2,26700,53400
20250705-00000001,family_shoppers,2025-07-05,limes,1,1600,1600
20250705-00000001,family_shoppers,2025-07-05,plums,2,3200,6400
20250713-00000001,family_shoppers,2025-07-13,whole_chicken_1kg,4,52900,211600
20250713-00000001,family_shoppers,2025-07-13,banana_nut_muffin,2,9200,18400
20250713-00000001,family_shoppers,2025-07-13,all_purpose_cleaner,1,27000,27000
20250713-00000001,family_shoppers,2025-07-13,croissant,1,12400,12400
20250713-00000001,family_shoppers,2025-07-13,white_rice_5kg,6,74600,447600
20250713-00000001,family_shoppers,2025-07-13,chicken_thigh_500g,1,41900,41900
20250713-00000001,family_shoppers,2025-07-13,cheddar_cheese_200g,4,35900,143600
20250713-00000001,family_shoppers,2025-07-13,blueberry_muffin,3,8400,25200
20250713-00000001,family_shoppers,2025-07-13,ketchup,2,11700,23400
20250713-00000001,family_shoppers,2025-07-13,beef_roast_1kg,2,167800,335600
20250713-00000001,family_shoppers,2025-07-13,barbecue_marinade_250mL,3,21600,64800
20250713-00000001,family_shoppers,2025-07-13,honeydew,3,37500,112500
20250713-00000001,family_shoppers,2025-07-13,lemon_lime_500mL,3,21200,63600
20250725-00000001,young_professionals,2025-07-25,peas_1kg,6,30700,184200
20250725-00000001,young_professionals,2025-07-25,salmon_fillet_500g,2,101200,202400
20250725-00000001,young_professionals,2025-07-25,whole_chicken_1kg,2,50300,100600
20250725-00000001,young_professionals,2025-07-25,skim_milk_1L,2,26500,53000
20250725-00000001,young_professionals,2025-07-25,premium_white_rice_5kg,2,102000,204000
20250725-00000001,young_professionals,2025-07-25,vinaigrette_250mL,1,16700,16700
20250726-00000001,small_business_owners,2025-07-26,instant_coffee_200g,1,17800,17800
20250726-00000001,small_business_owners,2025-07-26,white_rice_5kg,12,76100,913200
20250726-00000001,small_business_owners,2025-07-26,lamb_leg_1kg,13,181700,2362100
20250726-00000001,small_business_owners,2025-07-26,whole_chicken_1kg,5,61600,308000
20250726-00000001,small_business_owners,2025-07-26,flavored_yogurt_150g,5,15900,79500
20250726-00000001,small_business_owners,2025-07-26,tuna_fillet_500g,5,56700,283500
20250726-00000001,small_business_owners,2025-07-26,strawberries,6,13600,81600
20250726-00000001,small_business_owners,2025-07-26,green_tea_100g,4,14200,56800
20250726-00000001,small_business_owners,2025-07-26,italian_dressing_250mL,10,17700,177000
20250726-00000001,small_business_owners,2025-07-26,shrimp_fresh_500g,7,92400,646800
20250726-00000001,small_business_owners,2025-07-26,conditioner,2,22700,45400
20250726-00000001,small_business_owners,2025-07-26,frozen_noodles,4,39300,157200
20250726-00000001,small_business_owners,2025-07-26,chicken_thigh_500g,9,39600,356400
20250726-00000001,small_business_owners,2025-07-26,laundry_detergent,1,38200,38200
20250726-00000001,small_business_owners,2025-07-26,lettuce,7,3300,23100
20250726-00000001,small_business_owners,2025-07-26,beef_steak_300g,11,73000,803000
20250726-00000001,small_business_owners,2025-07-26,dori_fillet_500g,13,41800,543400
20250726-00000001,small_business_owners,2025-07-26,paprika,9,8100,72900
20250726-00000001,small_business_owners,2025-07-26,danish,6,13000,78000
20250803-00000001,young_professionals,2025-08-03,cola_500mL,1,19500,19500
20250803-00000001,young_professionals,2025-08-03,premium_white_rice_5kg,1,96300,96300
20250803-00000001,young_professionals,2025-08-03,corn_1kg,1,28000,28000
20250803-00000001,young_professionals,2025-08-03,lamb_leg_1kg,3,187000,561000
20250805-00000001,young_professionals,2025-08-05,vanilla_cake,2,48500,97000
20250805-00000001,young_professionals,2025-08-05,honey_granola_bars_100g,3,24000,72000
20250805-00000001,young_professionals,2025-08-05,cheese_popcorn_100g,1,13200,13200
20250805-00000001,young_professionals,2025-08-05,potato_chips_150g,4,15300,61200
20250805-00000001,young_professionals,2025-08-05,dori_fillet_500g,1,48000,48000
20250805-00000001,young_professionals,2025-08-05,premium_white_rice_5kg,1,111300,111300
20250815-00000001,family_shoppers,2025-08-15,premium_white_rice_5kg,6,100300,601800
20250815-00000001,family_shoppers,2025-08-15,whole_chicken_1kg,3,56200,168600
20250815-00000001,family_shoppers,2025-08-15,croissant,5,12800,64000
20250815-00000001,family_shoppers,2025-08-15,cinnamon,3,9600,28800
20250815-00000001,family_shoppers,2025-08-15,mixed_fruit_juice_750mL,6,40500,243000
20250815-00000001,family_shoppers,2025-08-15,beets,2,3200,6400
20250815-00000001,family_shoppers,2025-08-15,oat_milk_1L,7,32100,224700
20250815-00000001,family_shoppers,2025-08-15,dried_mangoes_100g,1,28000,28000
20250815-00000001,family_shoppers,2025-08-15,chocolate_cake,2,45500,91000
20250815-00000001,family_shoppers,2025-08-15,danish,4,13700,54800
20250815-00000001,family_shoppers,2025-08-15,conditioner,1,24200,24200
20250815-00000001,family_shoppers,2025-08-15,lemons,5,3800,19000
20250816-00000001,health_conscious,2025-08-16,premium_white_rice_5kg,1,112300,112300
20250816-00000001,health_conscious,2025-08-16,kale,4,4100,16400
20250816-00000001,health_conscious,2025-08-16,plums,3,3000,9000
20250816-00000001,health_conscious,2025-08-16,mineral_water_C_600mL,6,6200,37200
20250827-00000001,random,2025-08-27,mozzarella_cheese_200g,6,41600,249600
20250906-00000001,students,2025-09-06,oranges,1,2600,2600
20250906-00000001,students,2025-09-06,whole_chicken_1kg,1,55900,55900
20250909-00000001,family_shoppers,2025-09-09,ranch_dressing_250mL,5,20200,101000
20250909-00000001,family_shoppers,2025-09-09,ground_coffee_250g,1,26200,26200
20250909-00000001,family_shoppers,2025-09-09,lamb_chop_300g,3,72000,216000
20250909-00000001,family_shoppers,2025-09-09,whole_chicken_1kg,7,63800,446600
20250909-00000001,family_shoppers,2025-09-09,banana_nut_muffin,3,9000,27000
20250909-00000001,family_shoppers,2025-09-09,paper_towels,4,12700,50800
20250909-00000001,family_shoppers,2025-09-09,black_pepper,3,7600,22800
20250909-00000001,family_shoppers,2025-09-09,ground_beef_500g,3,56200,168600
20250909-00000001,family_shoppers,2025-09-09,white_rice_5kg,7,64100,448700
20250909-00000001,family_shoppers,2025-09-09,toothpaste,1,13800,13800
20250909-00000001,family_shoppers,2025-09-09,beets,4,3300,13200
20250909-00000001,family_shoppers,2025-09-09,frozen_dumplings,3,40800,122400
20250925-00000001,young_professionals,2025-09-25,toothpaste,1,16200,16200
20250925-00000001,young_professionals,2025-09-25,white_bread,4,14300,57200
20250925-00000001,young_professionals,2025-09-25,tuna_steak_500g,1,58400,58400
20250928-00000001,family_shoppers,2025-09-28,facial_cleanser,2,17800,35600
20250928-00000001,family_shoppers,2025-09-28,brown_rice_1kg,6,21600,129600
20250928-00000001,family_shoppers,2025-09-28,shampoo,1,20600,20600
20250928-00000001,family_shoppers,2025-09-28,lettuce,2,3000,6000
20250928-00000001,family_shoppers,2025-09-28,lamb_chop_300g,1,81500,81500
20250928-00000001,family_shoppers,2025-09-28,chicken_breast_500g,5,40200,201000
20250928-00000001,family_shoppers,2025-09-28,beets,3,3000,9000
20250928-00000001,family_shoppers,2025-09-28,frozen_pizza,2,53700,107400
20251014-00000001,young_professionals,2025-10-14,facial_cleanser,2,21700,43400
20251014-00000001,young_professionals,2025-10-14,tuna_fillet_500g,3,58600,175800
20251014-00000001,young_professionals,2025-10-14,chicken_wings_500g,1,25500,25500
20251014-00000001,young_professionals,2025-10-14,oat_milk_1L,1,27700,27700
20251014-00000001,young_professionals,2025-10-14,paper_towels,1,11100,11100
20251018-00000001,family_shoppers,2025-10-18,mozzarella_cheese_200g,3,45300,135900
20251018-00000001,family_shoppers,2025-10-18,chicken_breast_500g,11,29800,327800
20251018-00000001,family_shoppers,2025-10-18,toothpaste,1,15100,15100
20251018-00000001,family_shoppers,2025-10-18,white_rice_5kg,6,71200,427200
20251018-00000001,family_shoppers,2025-10-18,unsalted_butter_200g,4,19900,79600
20251018-00000001,family_shoppers,2025-10-18,soy_milk_1L,2,21600,43200
20251018-00000001,family_shoppers,2025-10-18,frozen_pizza,4,49000,196000
20251018-00000001,family_shoppers,2025-10-18,raspberries,2,16400,32800
20251018-00000001,family_shoppers,2025-10-18,paper_towels,2,14100,28200
20251018-00000001,family_shoppers,2025-10-18,chocolate_cake,3,45800,137400
20251018-00000001,family_shoppers,2025-10-18,shampoo,1,22400,22400
20251018-00000001,family_shoppers,2025-10-18,watermelon,1,56800,56800
20251018-00000001,family_shoppers,2025-10-18,cheddar_cheese_200g,1,31900,31900
20251018-00000001,family_shoppers,2025-10-18,coconut_oil_500mL,3,26200,78600
20251018-00000001,family_shoppers,2025-10-18,cherries,2,7600,15200
20251107-00000001,young_professionals,2025-11-07,cola_500mL,1,20300,20300
20251107-00000001,young_professionals,2025-11-07,toothbrush,2,9100,18200
20251107-00000001,young_professionals,2025-11-07,salmon_fillet_500g,2,91700,183400
20251107-00000001,young_professionals,2025-11-07,laundry_detergent,3,46800,140400
20251107-00000001,young_professionals,2025-11-07,limes,1,1800,1800
20251108-00000001,family_shoppers,2025-11-08,tuna_steak_500g,2,68700,137400
20251108-00000001,family_shoppers,2025-11-08,frozen_pizza,5,50800,254000
20251108-00000001,family_shoppers,2025-11-08,mixed_vegetables_1kg,2,32100,64200
20251108-00000001,family_shoppers,2025-11-08,whole_chicken_1kg,1,49000,49000
20251108-00000001,family_shoppers,2025-11-08,toothbrush,1,10600,10600
20251108-00000001,family_shoppers,2025-11-08,white_rice_5kg,7,74700,522900
20251108-00000001,family_shoppers,2025-11-08,chicken_wings_500g,10,29200,292000
20251108-00000001,family_shoppers,2025-11-08,muffin,1,9200,9200
20251108-00000001,family_shoppers,2025-11-08,watermelon,5,59200,296000
20251108-00000001,family_shoppers,2025-11-08,tortilla_chips_150g,1,17900,17900
20251108-00000001,family_shoppers,2025-11-08,shampoo,1,24500,24500
20251108-00000001,family_shoppers,2025-11-08,olive_oil_500mL,4,47800,191200
20251108-00000001,family_shoppers,2025-11-08,salted_butter_200g,6,19100,114600
20251108-00000001,family_shoppers,2025-11-08,frozen_pizza,4,49500,198000
20251122-00000001,family_shoppers,2025-11-22,premium_white_rice_5kg,6,91200,547200
20251122-00000001,family_shoppers,2025-11-22,frozen_dumplings,4,39800,159200
20251122-00000001,family_shoppers,2025-11-22,corn_1kg,5,30200,151000
20251122-00000001,family_shoppers,2025-11-22,vinaigrette_250mL,4,14600,58400
20251122-00000001,family_shoppers,2025-11-22,beef_roast_1kg,4,153100,612400
20251122-00000001,family_shoppers,2025-11-22,lamb_chop_300g,1,83000,83000
20251122-00000001,family_shoppers,2025-11-22,peaches,4,4100,16400
20251122-00000001,family_shoppers,2025-11-22,oranges,5,3300,16500
20251122-00000001,family_shoppers,2025-11-22,frozen_noodles,4,39400,157600
20251122-00000001,family_shoppers,2025-11-22,soy_milk_1L,3,24000,72000
20251122-00000001,family_shoppers,2025-11-22,red_velvet_cake,1,61200,61200
20251122-00000001,family_shoppers,2025-11-22,tuna_steak_500g,3,72600,217800
20251129-00000001,family_shoppers,2025-11-29,caramel_popcorn_100g,3,19300,57900
20251129-00000001,family_shoppers,2025-11-29,beets,4,3700,14800
20251129-00000001,family_shoppers,2025-11-29,white_rice_5kg,7,72200,505400
20251129-00000001,family_shoppers,2025-11-29,chicken_wings_500g,3,31200,93600
20251129-00000001,family_shoppers,2025-11-29,whole_chicken_1kg,5,53900,269500
20251129-00000001,family_shoppers,2025-11-29,pineapples,1,5100,5100
20251129-00000001,family_shoppers,2025-11-29,shrimp_fresh_500g,2,84100,168200
20251129-00000001,family_shoppers,2025-11-29,salted_butter_200g,2,22400,44800
20251129-00000001,family_shoppers,2025-11-29,lettuce,4,3500,14000
20251129-00000001,family_shoppers,2025-11-29,ground_beef_500g,3,56700,170100
20251129-00000001,family_shoppers,2025-11-29,kale,3,4900,14700
20251129-00000001,family_shoppers,2025-11-29,whole_milk_1L,7,23600,165200
20251129-00000001,family_shoppers,2025-11-29,coconut_oil_500mL,2,31300,62600
20251129-00000001,family_shoppers,2025-11-29,cola_500mL,8,18400,147200
20251129-00000001,family_shoppers,2025-11-29,oranges,3,2800,8400
20251130-00000001,family_shoppers,2025-11-30,frozen_noodles,1,42200,42200
20251130-00000001,family_shoppers,2025-11-30,sugar_cookies,2,4800,9600
20251130-00000001,family_shoppers,2025-11-30,greek_yogurt_150g,3,21300,63900
20251130-00000001,family_shoppers,2025-11-30,frozen_noodles,5,33600,168000
20251130-00000001,family_shoppers,2025-11-30,beets,7,3600,25200
20251130-00000001,family_shoppers,2025-11-30,toothpaste,1,15100,15100
20251130-00000001,family_shoppers,2025-11-30,premium_white_rice_5kg,6,106500,639000
20251130-00000001,family_shoppers,2025-11-30,unsalted_butter_200g,3,19500,58500
20251130-00000001,family_shoppers,2025-11-30,danish,3,11800,35400
20251130-00000001,family_shoppers,2025-11-30,coconut_oil_500mL,2,28300,56600
20251130-00000001,family_shoppers,2025-11-30,mineral_water_B_600mL,2,4500,9000
20251130-00000001,family_shoppers,2025-11-30,toilet_paper,2,15000,30000
20251130-00000001,family_shoppers,2025-11-30,bananas,1,4100,4100
20251130-00000001,family_shoppers,2025-11-30,black_pepper,3,7400,22200
20251204-00000001,small_business_owners,2025-12-04,beef_roast_1kg,6,167100,1002600
20251204-00000001,small_business_owners,2025-12-04,beets,6,3000,18000
20251204-00000001,small_business_owners,2025-12-04,limes,9,1500,13500
20251204-00000001,small_business_owners,2025-12-04,green_tea_100g,1,17400,17400
20251204-00000001,small_business_owners,2025-12-04,premium_white_rice_5kg,12,93900,1126800
20251204-00000001,small_business_owners,2025-12-04,oat_milk_1L,5,30000,150000
20251204-00000001,small_business_owners,2025-12-04,flavored_yogurt_150g,7,15000,105000
20251204-00000001,small_business_owners,2025-12-04,watermelon,5,63100,315500
20251204-00000001,small_business_owners,2025-12-04,shrimp_frozen_500g,13,66400,863200
20251204-00000001,small_business_owners,2025-12-04,mixed_vegetables_1kg,6,31100,186600
20251204-00000001,small_business_owners,2025-12-04,organic_eggs_10pcs,5,27100,135500
20251204-00000001,small_business_owners,2025-12-04,cheddar_cheese_200g,6,35700,214200
20251204-00000001,small_business_owners,2025-12-04,cantaloupe,4,39500,158000
20251204-00000001,small_business_owners,2025-12-04,carrots,8,2000,16000
20251204-00000001,small_business_owners,2025-12-04,tuna_steak_500g,7,77000,539000
20251204-00000001,small_business_owners,2025-12-04,vegetable_oil_5L,12,85300,1023600
20251204-00000001,small_business_owners,2025-12-04,croissant,2,12000,24000
20251204-00000001,small_business_owners,2025-12-04,chicken_breast_500g,10,43200,432000
20251214-00000001,family_shoppers,2025-12-14,pineapples,5,4900,24500
20251214-00000001,family_shoppers,2025-12-14,whole_chicken_1kg,1,58600,58600
20251214-00000001,family_shoppers,2025-12-14,chicken_breast_500g,4,36300,145200
20251214-00000001,family_shoppers,2025-12-14,toothpaste,1,14800,14800
20251214-00000001,family_shoppers,2025-12-14,fruit_granola_bars_100g,1,26000,26000
20251214-00000001,family_shoppers,2025-12-14,corn_1kg,1,28000,28000
20251214-00000001,family_shoppers,2025-12-14,plums,4,2900,11600
20251214-00000001,family_shoppers,2025-12-14,frozen_pizza,1,43000,43000
20251214-00000001,family_shoppers,2025-12-14,multigrain_bread,1,20800,20800
20251214-00000001,family_shoppers,2025-12-14,salmon_fillet_500g,1,96700,96700
20251214-00000001,family_shoppers,2025-12-14,lamb_chop_300g,2,83200,166400
20251214-00000001,family_shoppers,2025-12-14,ground_beef_500g,2,50900,101800
20251214-00000001,family_shoppers,2025-12-14,cashews_200g,2,57900,115800
20251214-00000001,family_shoppers,2025-12-14,pineapples,3,5000,15000
20251214-00000001,family_shoppers,2025-12-14,frozen_noodles,1,40400,40400
20251217-00000001,small_business_owners,2025-12-17,ground_beef_500g,6,47700,286200
20251217-00000001,small_business_owners,2025-12-17,salmon_fillet_500g,7,90200,631400
20251217-00000001,small_business_owners,2025-12-17,cheddar_cheese_200g,7,35700,249900
20251217-00000001,small_business_owners,2025-12-17,chicken_breast_500g,4,38800,155200
20251217-00000001,small_business_owners,2025-12-17,white_rice_5kg,5,70300,351500
20251217-00000001,small_business_owners,2025-12-17,coconut_oil_500mL,8,22000,176000
20251217-00000001,small_business_owners,2025-12-17,toilet_paper,4,15500,62000
20251217-00000001,small_business_owners,2025-12-17,raspberries,10,18800,188000
20251217-00000001,small_business_owners,2025-12-17,lamb_chop_300g,5,80500,402500
20251217-00000001,small_business_owners,2025-12-17,spinach,4,4300,17200
20251220-00000001,family_shoppers,2025-12-20,chicken_breast_500g,3,32700,98100
20251220-00000001,family_shoppers,2025-12-20,frozen_pizza,6,45600,273600
20251220-00000001,family_shoppers,2025-12-20,spinach,6,4500,27000
20251220-00000001,family_shoppers,2025-12-20,toilet_paper,1,14300,14300
20251220-00000001,family_shoppers,2025-12-20,brown_rice_1kg,8,26600,212800
20251220-00000001,family_shoppers,2025-12-20,frozen_pizza,1,41700,41700
20251220-00000001,family_shoppers,2025-12-20,toothbrush,1,9600,9600
20251220-00000001,family_shoppers,2025-12-20,potato_chips_150g,2,18200,36400
20251220-00000001,family_shoppers,2025-12-20,regular_eggs_10pcs,2,18900,37800
20251221-00000001,family_shoppers,2025-12-21,regular_eggs_10pcs,1,19600,19600
20251221-00000001,family_shoppers,2025-12-21,brown_rice_1kg,5,23200,116000
20251221-00000001,family_shoppers,2025-12-21,whole_chicken_1kg,4,59300,237200
20251221-00000001,family_shoppers,2025-12-21,toothbrush,1,9000,9000
20251221-00000001,family_shoppers,2025-12-21,plums,5,3000,15000
20251221-00000001,family_shoppers,2025-12-21,frozen_noodles,5,33300,166500
20251221-00000001,family_shoppers,2025-12-21,vinaigrette_250mL,5,15600,78000
20251221-00000001,family_shoppers,2025-12-21,oranges,1,2500,2500
20251221-00000001,family_shoppers,2025-12-21,black_tea_100g,5,11800,59000
20251221-00000001,family_shoppers,2025-12-21,white_bread,2,14700,29400
20251221-00000001,family_shoppers,2025-12-21,lamb_leg_1kg,6,162800,976800
20251221-00000001,family_shoppers,2025-12-21,plums,2,2800,5600
20251221-00000001,family_shoppers,2025-12-21,potatoes,4,2200,8800
20251221-00000001,family_shoppers,2025-12-21,beef_roast_1kg,2,154600,309200
20251221-00000002,family_shoppers,2025-12-21,white_rice_5kg,4,62400,249600
20251221-00000002,family_shoppers,2025-12-21,raspberries,5,15900,79500
20251221-00000002,family_shoppers,2025-12-21,blueberries,4,16800,67200
20251221-00000002,family_shoppers,2025-12-21,buttered_popcorn_100g,1,13600,13600
20251221-00000002,family_shoppers,2025-12-21,cantaloupe,1,36200,36200
20251221-00000002,family_shoppers,2025-12-21,potato_chips_150g,2,16300,32600
20251221-00000002,family_shoppers,2025-12-21,lemons,7,4800,33600
20251221-00000002,family_shoppers,2025-12-21,beef_steak_300g,3,77900,233700
20251221-00000002,family_shoppers,2025-12-21,cashews_200g,1,58400,58400
20251221-00000002,family_shoppers,2025-12-21,lemon_lime_500mL,2,21100,42200
20251221-00000002,family_shoppers,2025-12-21,potato_chips_150g,3,15600,46800
20251221-00000002,family_shoppers,2025-12-21,vinaigrette_250mL,4,17700,70800
20251221-00000002,family_shoppers,2025-12-21,lamb_chop_300g,2,77600,155200
20251221-00000002,family_shoppers,2025-12-21,plums,3,3200,9600
20251227-00000001,family_shoppers,2025-12-27,olive_oil_500mL,1,47600,47600
20251227-00000001,family_shoppers,2025-12-27,toilet_paper,3,15600,46800
20251227-00000001,family_shoppers,2025-12-27,dish_soap,4,16400,65600
20251227-00000001,family_shoppers,2025-12-27,lamb_chop_300g,2,82000,164000
20251227-00000001,family_shoppers,2025-12-27,lemon_herb_marinade_250mL,3,27100,81300
20251227-00000001,family_shoppers,2025-12-27,premium_white_rice_5kg,3,94400,283200
20251227-00000001,family_shoppers,2025-12-27,chicken_breast_500g,4,35400,141600
20251227-00000001,family_shoppers,2025-12-27,corn_1kg,3,24400,73200
20260111-00000001,health_conscious,2026-01-11,vanilla_cake,3,43900,131700
20260111-00000001,health_conscious,2026-01-11,dish_soap,2,19900,39800
20260111-00000001,health_conscious,2026-01-11,soy_milk_1L,3,22000,66000
20260111-00000001,health_conscious,2026-01-11,salmon_fillet_500g,5,98200,491000
20260114-00000001,family_shoppers,2026-01-14,premium_white_rice_5kg,6,114100,684600
20260114-00000001,family_shoppers,2026-01-14,ground_coffee_250g,3,22900,68700
20260114-00000001,family_shoppers,2026-01-14,lemon_lime_500mL,4,20400,81600
20260114-00000001,family_shoppers,2026-01-14,whole_chicken_1kg,5,59800,299000
20260114-00000001,family_shoppers,2026-01-14,raspberries,2,19900,39800
20260114-00000001,family_shoppers,2026-01-14,beets,5,3400,17000
20260114-00000001,family_shoppers,2026-01-14,chicken_thigh_500g,4,32800,131200
20260114-00000001,family_shoppers,2026-01-14,frozen_noodles,4,38200,152800
20260114-00000001,family_shoppers,2026-01-14,cheddar_cheese_200g,3,34800,104400
20260114-00000001,family_shoppers,2026-01-14,potato_chips_150g,1,14400,14400
20260114-00000001,family_shoppers,2026-01-14,laundry_detergent,3,31600,94800
20260114-00000001,family_shoppers,2026-01-14,mixed_nuts_200g,2,49900,99800
20260123-00000001,random,2026-01-23,carrots,1,2000,2000
20260123-00000001,random,2026-01-23,cashews_200g,3,56500,169500
20260123-00000001,random,2026-01-23,whole_chicken_1kg,1,58000,58000
